DOPEcnpl,press
-0.038453139,0
-0.038022,20
-0.037544,40
-0.037305,50
-0.037066,60
-0.036588,80
-0.03611,100
